gene,logfc_oldko_oldwt,pval_oldko_oldwt,logfc_youngko_youngwt,pval_youngko_youngwt,logfc_youngko_oldko,pval_youngko_oldko,logfc_youngwt_oldwt,pval_youngwt_oldwt,ENTREZID
A1bg,-3.540393818,0.278890075,0.01073214,0.997159878,1.333444927,0.815320301,-2.217681031,0.517359789,117586
A2m,0.858751251,0.691418223,0.785296305,0.843524622,-0.919382633,0.815036763,-0.845927688,0.750543913,232345
Acadm,-0.753454636,0.57424238,-0.398986845,0.870161547,0.277876504,0.920771439,-0.076591286,0.980545193,11364
Ace,1.37555756,0.029786939,-0.47179362,0.694654669,-0.287983676,0.703085253,1.559367503,0.038625725,11421
Aco2,1.159170815,0.341704614,0.040662454,0.997159878,-0.849828985,0.645987761,0.268679375,0.857851596,11429
Acp1,-1.044706831,0.254720599,-0.7407022,0.701593182,-0.669710927,0.619677664,-0.973715558,0.29146224,11431
Acta1,-1.155388916,0.158877318,0.486703658,0.74013472,0.916041386,0.474283826,-0.726051189,0.35617214,11459
Actbl2,-1.292006441,0.133577409,0.453907075,0.74013472,1.077730823,0.407412057,-0.668182694,0.396026118,238880
Actc1,-1.155388916,0.158877318,0.486703658,0.74013472,0.916041386,0.474283826,-0.726051189,0.35617214,11464
Actg1,-1.352209156,0.129548072,0.477754199,0.74013472,1.121555886,0.384104815,-0.708407469,0.379821796,11465
Actn1,-1.475749097,0.243535521,0.342800935,0.873783619,1.437120845,0.50479044,-0.381429186,0.805523432,109711
Actn4,-1.167508021,0.208354447,0.583329837,0.73959492,0.957686201,0.513152805,-0.793151657,0.381527603,60595
Actr2,-0.506903746,0.349761728,0.7765388,0.625852236,0.4566042,0.552616977,-0.826838346,0.141334366,66713
Actr3,0.064733547,0.898449409,0.354979832,0.733939076,-0.027449824,0.967382967,-0.317696109,0.54874194,74117
Add1,0.66078709,0.290410327,-0.28974817,0.789988466,0.207793594,0.845649522,1.158328854,0.082497068,11518
Add2,-2.417764422,0.012085753,-0.474901187,0.74013472,-0.109606023,0.936684623,-2.052469258,0.038625725,11519
Adipoq,-0.753164753,0.389689458,-0.286424992,0.847285189,0.649958544,0.619677664,0.183218784,0.864126192,11450
Adsl,-1.465406309,0.229825189,-0.183154814,0.931613224,0.601461383,0.728798948,-0.680790112,0.606250759,11564
Afm,-0.724820015,0.2297688,-0.483434496,0.701593182,0.107706967,0.922086131,-0.133678552,0.857851596,280662
Agt,-0.005783621,0.989398691,-0.218683859,0.799688365,-0.138828819,0.876729007,0.074071419,0.917762604,11606
Ahcy,-1.6279514,0.075281402,-0.724788802,0.691800382,-0.168505367,0.909723662,-1.071667964,0.182463981,269378
Ahsg,0.64426127,0.252321702,-0.126049164,0.878291622,0.540404539,0.533376495,1.310714973,0.041873281,11625
Alb,-0.382765409,0.581752044,-0.723459582,0.654905946,0.30130259,0.8176536,0.641996763,0.390257879,11657
Albfm1,0.405525359,0.485551782,-0.88028111,0.587536572,-0.177951761,0.849113941,1.107854708,0.073852814,622307
Aldh16a1,0.538105763,0.698589964,-1.003341071,0.733939076,-0.936980966,0.676295401,0.604465868,0.729674911,69748
Aldh1a1,-1.038598873,0.236561951,-0.263779354,0.859164444,-0.434992379,0.726745653,-1.209811898,0.171062773,11668
Aldh2,-0.742306447,0.570215913,-0.018110797,0.997159878,-0.961248574,0.638044596,-1.685444225,0.21618997,11669
Aldh9a1,0.476597845,0.657864229,-0.092724911,0.969196788,-2.056639941,0.235861321,-1.487317185,0.187395039,56752
Aldoa,-0.630595259,0.237202681,0.131583594,0.873783619,0.477619122,0.539258372,-0.284559731,0.617513766,11674
Aldob,0.067786607,0.928372172,-0.223887061,0.846241099,-0.245555644,0.834297072,0.046118024,0.969522549,230163
Alox12,-0.45206504,0.636061091,0.374402999,0.842829494,0.62610608,0.680889214,-0.200361959,0.870889014,11684
Ambp,1.258932366,0.070953569,0.417120487,0.733939076,-0.381462645,0.676295401,0.460349234,0.450152976,11699
Amy2,1.925021697,0.080407045,-0.756457057,0.733939076,-0.847639724,0.550487816,1.83383903,0.082497068,100043684
Angptl3,0.783311263,0.182167369,-0.579519651,0.654905946,-0.513422576,0.539258372,0.849408339,0.148344234,30924
Ank1,-2.630531737,0.012085753,-1.016611366,0.636038213,-0.219043396,0.876729007,-1.832963766,0.05003375,11733
Ank3,-4.077912522,0.02517502,-1.707088238,0.636038213,0.547552242,0.834297072,-1.823272042,0.227415555,11735
Anpep,1.076481522,0.151220455,-0.424435198,0.74013472,-0.253659306,0.834297072,1.247257414,0.094248945,16790
Antxr2,1.05335531,0.4056235,-1.273970255,0.654905946,-0.251127395,0.920771439,2.07619817,0.115091387,71914
Anxa5,-0.799399922,0.202362886,0.25984391,0.799688365,0.514935532,0.562438536,-0.544308299,0.378238273,11747
Ap2m1,-1.570380548,0.028037067,0.271645904,0.790827415,1.005520514,0.25845001,-0.836505938,0.171062773,11773
Apcs,1.642321562,0.367112793,0.889368251,0.766611821,-1.332211813,0.619677664,-0.579258502,0.794391306,20219
Apeh,-1.23849836,0.188811205,-1.194601784,0.636038213,-0.214035317,0.892395681,-0.257931893,0.82046204,235606
Apoa1,-0.618202467,0.226705253,-0.366795378,0.733939076,0.281412862,0.69422053,0.030005772,0.977228437,11806
Apoa4,-0.307595849,0.447566926,-0.322177027,0.701593182,0.361994453,0.539258372,0.376575631,0.357186185,11808
Apob,0.602999773,0.185649338,0.394864642,0.694654669,-0.072482899,0.922086131,0.135652232,0.803001717,238055
Apod,-0.372732629,0.530093399,-0.419363468,0.733939076,0.201778342,0.845649522,0.248409181,0.731498748,11815
Apoe,0.36954404,0.747579071,-1.075025257,0.694654669,1.149739941,0.539258372,2.594309237,0.059414972,11816
Apof,0.117485334,0.918770071,-0.366927002,0.843524622,0.207221342,0.922086131,0.691633678,0.533465721,103161
Apoh,-0.320768526,0.541274287,-0.178985829,0.846241099,1.048838819,0.230609777,0.907056122,0.106799603,11818
Apon,-1.609008151,0.041166537,-0.19692053,0.865807769,1.054819898,0.308547691,-0.357267723,0.62179324,28194
Arhgdia,-0.58348529,0.284175754,0.145186272,0.873783619,-0.584242816,0.512852857,-1.312914378,0.038625725,192662
Arpc1b,0.235792372,0.695211622,0.948031493,0.587536572,-0.10966227,0.922086131,-0.82190139,0.187395039,11867
Arpc2,-0.31169897,0.480027419,0.665428151,0.587536572,0.470137829,0.512852857,-0.506989292,0.253792824,76709
Arpc4,0.521607742,0.52128681,0.936992364,0.636038213,0.261271528,0.845649522,-0.154113093,0.883603821,68089
Asl,0.153738235,0.847742951,-0.888304438,0.636038213,-0.436204259,0.710448495,0.605838414,0.483047632,109900
Atic,-1.046393555,0.238759786,-0.502788772,0.74013472,-0.528435003,0.680889214,-1.072039786,0.223583198,108147
Atp1a1,-1.757183524,0.07808912,0.528419975,0.74013472,1.319516031,0.323901929,-0.966087468,0.266329453,11928
Atp2a3,-0.798199148,0.287742365,-0.945222573,0.636038213,-0.244887688,0.845649522,-0.097864263,0.924295507,53313
Atp5f1a,-1.965879625,0.124699537,0.300390835,0.873783619,1.393732105,0.471388442,-0.872538356,0.457812826,11946
Atp5f1b,-2.528966668,0.062299542,0.00434585,0.997159878,1.521469213,0.427810636,-1.011843305,0.374867729,11947
Atp5mf,-0.95774582,0.57424238,-0.162026967,0.962435979,1.409920218,0.581644312,0.614201364,0.776269623,57423
Atp5po,-1.217031388,0.178196233,0.295661212,0.846241099,1.068421675,0.471388442,-0.444270926,0.644449544,28080
Azgp1,-0.067257068,0.854469103,-0.125694231,0.846241099,0.050619036,0.936684623,0.109056199,0.813091489,12007
B4galt1,0.570131918,0.161556534,-0.092281022,0.873783619,-0.052596111,0.936684623,0.60981683,0.127147357,14595
Bin2,-0.48287445,0.546575197,0.564468205,0.735333528,0.841801032,0.518685,-0.205541623,0.848279433,668218
Blvrb,0.769079891,0.371786395,0.066315637,0.970059986,-0.622524641,0.628056035,0.080239613,0.947452472,233016
Bpgm,-1.59781404,0.167814326,-0.822043788,0.733939076,0.128253025,0.943267589,-0.647517227,0.594333531,12183
Btd,-0.442873302,0.492372332,-0.68527144,0.636038213,-0.169193571,0.876729007,0.073204566,0.933732459,26363
C1qa,0.676855383,0.531955923,-0.73514498,0.73959492,0.972478719,0.541982196,2.384479082,0.055077733,12259
C1ra,1.251813698,0.134990376,-0.047548169,0.981106434,0.438349286,0.69422053,1.737711154,0.05003375,50909
C1sa,0.282779064,0.615395306,-0.295608677,0.766611821,0.262350224,0.789102646,0.840737965,0.169026439,50908
C2,2.528478433,0.158877318,0.990175762,0.74013472,-0.508304787,0.849113941,1.029997883,0.566520592,12263
C3,0.081656116,0.828841118,0.219895362,0.74586711,0.704536694,0.235861321,0.566297447,0.162298197,12266
C4b,-0.05633612,0.938877092,0.183676919,0.870161547,0.463120036,0.638044596,0.223106997,0.778052847,12268
C4bpa,1.678177703,0.012085753,0.680003094,0.636038213,-0.278196367,0.710448495,0.719978243,0.180477364,12269
C5,0.487208326,0.447566926,0.377740976,0.74013472,-0.117409502,0.922086131,-0.007942152,0.997502492,15139
C6,1.947566638,0.293651446,0.474302962,0.873783619,-0.187435134,0.944729885,1.285828542,0.516292747,12274
C7,0.654827551,0.735664464,-0.590453015,0.865807769,0.103107903,0.969177802,1.348388468,0.523869197,109828
C8a,2.285375462,0.07808912,0.211220922,0.904925449,0.1147284,0.944729885,2.18888294,0.071639815,230558
C8b,2.390452105,0.075281402,0.230445283,0.900603472,0.206828736,0.922086131,2.366835558,0.063918744,110382
C8g,1.878118755,0.129548072,0.530010226,0.787390677,0.185183667,0.922086131,1.533292195,0.181979531,69379
C9,1.130067276,0.17696731,0.372479964,0.789988466,-0.291450315,0.834297072,0.466136997,0.595271258,12279
Ca1,-1.775158703,0.129548072,-0.50621862,0.787390677,-0.63067898,0.680889214,-1.899619063,0.095935207,12346
Ca3,-1.227348656,0.518699077,-0.885550936,0.789988466,0.107878997,0.967382967,-0.233918723,0.931576363,12350
Cand1,-1.049091821,0.263607262,-0.400648496,0.799688365,-0.537948781,0.682863402,-1.186392106,0.208149886,71902
Cap1,-0.732408458,0.469875778,0.492230506,0.770585093,1.003716204,0.518685,-0.22092276,0.857851596,12331
Capn1,-0.636785044,0.330796731,-0.036187761,0.984555711,-0.519575808,0.581644312,-1.120173091,0.101870887,12333
Capza1,-0.456715442,0.517029784,0.609168172,0.700598262,0.605205485,0.550487816,-0.460678128,0.533465721,12340
Cat,-1.409095831,0.147407114,-0.747608015,0.701593182,-0.430685112,0.751554982,-1.092172928,0.230912617,12359
Cavin2,-0.559457038,0.504788574,0.700372876,0.701593182,1.092044253,0.433456962,-0.167785662,0.870889014,20324
Cct3,1.28569578,0.545589126,-1.921863434,0.694654669,-2.533358523,0.496859477,0.674200691,0.801666384,12462
Cct4,0.083378441,0.895463471,-0.412151738,0.73959492,-0.516034227,0.565261614,-0.020504047,0.994323375,12464
Cct5,-0.752903975,0.192945295,0.051299077,0.962435979,-0.135934925,0.892159792,-0.940137978,0.112846855,12465
Cct6a,-0.081079191,0.942336153,0.122659238,0.94074683,0.635918227,0.676295401,0.432179798,0.710588032,12466
Cct7,-0.673041831,0.382149634,-0.630689271,0.701593182,0.244804844,0.845649522,0.202452284,0.835765681,12468
Cct8,-0.801916447,0.192945295,-0.148417634,0.873783619,-0.056463047,0.946347929,-0.70996186,0.249334309,12469
Cd14,0.617956385,0.345673951,-0.571867818,0.694654669,0.421858761,0.676295401,1.611682964,0.038625725,12475
Cd5l,1.031174959,0.169455926,0.045695902,0.981106434,-2.225248713,0.056790887,-1.239769656,0.101870887,11801
Cd93,0.839337466,0.134990376,-0.360083652,0.733939076,0.093278863,0.922086131,1.292699981,0.038625725,17064
Cd97,0.663513641,0.438558025,-0.477092933,0.749677919,-0.333621474,0.827002077,0.8069851,0.35617214,26364
Cdh5,1.780819546,0.153863742,-0.490422369,0.799688365,-0.00361899,0.99704776,2.267622925,0.071073394,12562
Cela2a,0.294218802,0.702685228,-0.670346707,0.701593182,0.535769001,0.676295401,1.500334511,0.082497068,13706
Ces1b,0.987847406,0.244090558,-0.233098789,0.87247331,-0.071492878,0.948998855,1.149453318,0.181955584,382044
Ces1c,-0.399206779,0.515901618,-0.246722916,0.821807957,0.058442384,0.946347929,-0.094041478,0.910654123,13884
Ces2e,-1.030814149,0.480027419,-0.653856559,0.794274695,0.438306313,0.849113941,0.061348723,0.986805512,234673
Ces3a,1.418602003,0.129548072,0.051202528,0.981106434,-0.66476835,0.581644312,0.702631126,0.407920374,382053
Cfh,0.722054108,0.283974098,0.240664928,0.843524622,0.398897443,0.680889214,0.880286622,0.193668901,12628
Cfhr1,0.842945472,0.133449581,-0.173133204,0.846241099,0.222623825,0.799731774,1.238702502,0.039254622,50702
Cfi,-0.209040114,0.653203462,-0.530454762,0.636038213,1.066155529,0.176725463,1.387570177,0.038625725,12630
Cfl1,-0.350334985,0.642706821,0.203721676,0.873783619,0.651704474,0.564338256,0.097647813,0.931576363,12631
Chil3,3.098013626,0.009482352,1.402760597,0.587536572,-1.357290477,0.25845001,0.337962553,0.728559754,12655
Chit1,3.749455543,0.007788853,1.094136089,0.636038213,-0.69742062,0.55193767,1.957898834,0.040041856,71884
Ckb,0.944796732,0.660401975,0.518226193,0.876743649,-1.007271551,0.776098627,-0.580701011,0.837379299,12709
Clec4f,0.261113838,0.571568922,-0.886149638,0.501258115,0.087232119,0.922086131,1.234495595,0.038625725,51811
Cltc,-1.061921278,0.134990376,0.217263613,0.846241099,0.662598558,0.518685,-0.616586333,0.35617214,67300
Clu,0.534540696,0.408116639,0.154082837,0.873783619,-0.378694192,0.680889214,0.001763666,0.997502492,12759
Cmpk1,0.267337149,0.577787422,-0.098260438,0.904925449,-0.560278588,0.512852857,-0.194681002,0.750543913,66588
Cndp2,-0.255989922,0.774883597,-0.645515056,0.736923449,-0.287868232,0.849113941,0.101656902,0.940946809,66054
Cnp,-0.127311774,0.839156114,0.268726954,0.799688365,0.417272042,0.676295401,0.021233314,0.994323375,12799
Col12a1,1.036045181,0.27824092,-0.207873991,0.884496849,0.174728258,0.922086131,1.418647431,0.148344234,12816
Col1a2,-0.632987683,0.414362988,-1.091907614,0.636038213,0.800748896,0.518685,1.259668827,0.118022707,12843
Coro1b,-0.647623524,0.293651446,0.42933491,0.733939076,0.228145392,0.834297072,-0.848813041,0.180840946,23789
Coro1c,0.286985644,0.872686097,1.901926391,0.654905946,0.332462609,0.922086131,-1.282478138,0.516292747,23790
Cp,0.52343185,0.185649338,0.075577883,0.901602552,-0.335873344,0.544313452,0.111980623,0.813091489,12870
Cpb2,0.139824392,0.742200975,0.150583341,0.846241099,-0.190298503,0.808918664,-0.201057451,0.709848291,56373
Cpn1,-0.513407429,0.191116282,-0.28935168,0.733939076,0.123891651,0.845649522,-0.100164098,0.835765681,93721
Cpn2,-0.419846304,0.219527868,-0.189872058,0.745266601,0.255921052,0.598538471,0.025946806,0.966638845,71756
Cps1,-2.320856368,0.165951807,-0.48709126,0.860208366,-0.032642153,0.985876042,-1.866407261,0.252272007,227231
Creg1,-0.587037054,0.301292176,0.36579225,0.73959492,0.03329441,0.967382967,-0.919534894,0.119825886,433375
Crp,0.147399452,0.742200975,0.105741061,0.878291622,-0.047585515,0.944729885,-0.005927124,0.997502492,12944
Csf1r,1.467451236,0.212373012,0.75325447,0.73959492,-0.149793056,0.939253848,0.56440371,0.664983123,12978
Cst3,0.76319037,0.191603121,-0.306848146,0.762532297,0.338512123,0.680889214,1.408550638,0.038625725,13010
Ctbs,0.97823431,0.165951807,-0.023555791,0.997159878,-0.394955469,0.680889214,0.606834632,0.36794642,74245
Ctsa,0.398074511,0.570215913,-0.013721811,0.997159878,-0.001683604,0.99704776,0.410112718,0.606250759,19025
Ctsb,0.643570899,0.130210696,0.066130064,0.913686032,-0.351235361,0.539258372,0.226205474,0.59649277,13030
Ctsz,0.286656844,0.678851016,-0.159411548,0.878291622,0.763568625,0.512852857,1.209637017,0.102480703,64138
Cyb5r3,-0.933036343,0.163126662,0.017419267,0.997159878,0.64194795,0.518685,-0.308507661,0.664983123,109754
Dars,-0.686691357,0.336531836,-0.588568925,0.701593182,0.184134997,0.876729007,0.086012565,0.931576363,226414
Dhrs11,-1.515710452,0.327929294,-0.914718694,0.74013472,-1.099683541,0.638044596,-1.700675299,0.270827642,192970
Dmtn,-1.853763509,0.072827599,-0.933967666,0.636038213,-0.539867743,0.680889214,-1.459663586,0.112846855,13829
Dnpep,-0.420531034,0.391447776,-0.156385814,0.857601993,-0.182654171,0.834297072,-0.446799391,0.363049551,13437
Dpep2,1.228850776,0.080407045,-0.170850807,0.873783619,-0.432022447,0.645987761,0.967679135,0.137028679,319446
Dpp4,1.0418166,0.124699537,-0.674476618,0.636038213,-0.913129159,0.323901929,0.803164059,0.187395039,13482
Dync1h1,-0.610968113,0.581752044,0.604169904,0.766611821,0.197765801,0.922086131,-1.017372217,0.39275213,13424
Ecm1,0.96782655,0.389689458,-0.567183995,0.766611821,0.88047363,0.581644312,2.415484175,0.055077733,13601
Eef1a1,-0.661340601,0.336531836,0.185307905,0.873783619,0.433113741,0.680889214,-0.413534765,0.575609473,13627
Eef1g,-0.383108367,0.678366771,0.848309372,0.694654669,0.367727297,0.827002077,-0.863690442,0.363049551,67160
Efemp1,0.943976429,0.129548072,-0.243989015,0.799688365,0.071662759,0.939253848,1.259628203,0.05003375,216616
Egfr,1.601049254,0.164572402,0.044584285,0.992846515,-0.039315847,0.977293365,1.517149122,0.171078717,13649
Ehd1,-0.418866339,0.808507498,0.52358387,0.865807769,0.756825027,0.799746202,-0.185625183,0.940993922,13660
Ehd3,-0.507125773,0.427207363,-0.109906817,0.912023483,0.332775433,0.714074738,-0.064443523,0.940993922,57440
Ehd4,-0.344793251,0.536376885,0.373532557,0.73959492,0.063145334,0.943267589,-0.655180474,0.254121085,98878
Eif2s1,-1.199786279,0.278890075,-0.552197567,0.766611821,0.387489776,0.842433629,-0.260098937,0.85665142,13665
Eif4a1,0.107148351,0.847742951,0.661374711,0.636038213,-0.276458389,0.742895277,-0.830684749,0.161566919,13681
Eif4e,0.77703049,0.310917392,-0.757335129,0.654905946,-1.362821545,0.238371772,0.171544074,0.857851596,13684
Emilin1,-0.612724844,0.478147564,0.809228576,0.680746359,0.201497562,0.892395681,-1.220455858,0.165650778,100952
Eno1,-0.114494815,0.840483533,0.276225656,0.787390677,0.134479051,0.894709857,-0.25624142,0.710588032,13806
Enpp2,0.793838805,0.36872009,-0.019163858,0.997159878,-0.408475153,0.760015578,0.40452751,0.692653094,18606
Epb41,-2.011256192,0.035231491,-0.43438385,0.762532297,-0.006009427,0.99704776,-1.58288177,0.071051634,269587
Epb42,-2.496840254,0.012085753,-0.572636096,0.733939076,0.538773941,0.645987761,-1.385430217,0.089744375,13828
Erap1,0.445105039,0.545589126,-1.532983061,0.501258115,-1.67710686,0.176725463,0.300981239,0.736069858,80898
Erbin,0.865542318,0.742200975,-1.197511749,0.799688365,-1.42729244,0.726745653,0.635761627,0.857851596,59079
Etf1,-0.409689124,0.577787422,0.807523281,0.654905946,0.107109511,0.936684623,-1.110102894,0.167065187,225363
Extl2,0.97327253,0.200125337,0.265003398,0.843524622,-0.535001937,0.638044596,0.173267196,0.857851596,58193
F10,-0.168836543,0.698589964,-0.294398113,0.73959492,0.388097388,0.550487816,0.513658958,0.263700031,14058
F12,0.018482761,0.96785525,-0.229950217,0.74013472,0.124352956,0.845649522,0.372785933,0.319840585,58992
F13a1,-0.792616182,0.169455926,-0.385870264,0.733939076,1.091062282,0.230609777,0.684316363,0.219827007,74145
F13b,-0.419396196,0.427497034,-0.020117338,0.995410638,1.158359845,0.176725463,0.759080987,0.163728549,14060
F2,-0.267313989,0.523236744,-0.072682584,0.912023483,0.258370269,0.680889214,0.063738863,0.910654123,14061
F5,-0.186225332,0.636061091,-0.002083645,0.997159878,0.373429389,0.539258372,0.189287702,0.695018461,14067
F7,0.043685187,0.947097864,-0.442780376,0.733939076,-0.059587838,0.944729885,0.426877725,0.502380709,14068
F9,0.008784517,0.988205322,0.104884755,0.904925449,0.199169999,0.845649522,0.10306976,0.895303433,14071
Fabp1,-2.556905097,0.213647544,-0.640990168,0.858003348,1.911963543,0.539258372,-0.003951386,0.997502492,14080
Fam20c,0.677415966,0.336531836,0.435684566,0.74013472,-0.38586985,0.702488166,-0.144138449,0.86897512,80752
Fap,1.149178347,0.23937601,-0.823806777,0.700598262,-0.368023221,0.834297072,1.604961902,0.112846855,14089
Fasn,-1.846105826,0.018440771,-0.241555748,0.842829494,0.03258226,0.969177802,-1.571967819,0.038625725,14104
Fbln1,1.052386128,0.07808912,-0.062629267,0.941487478,0.083709278,0.923720852,1.198724672,0.04502821,14114
Fcgbp,2.796110577,0.012085753,1.664293075,0.501258115,-0.135544199,0.929238792,0.996273303,0.264056527,215384
Fermt3,-1.049089234,0.238153723,0.621889512,0.733939076,0.702303963,0.57945636,-0.968674783,0.270827642,108101
Fetub,0.180248586,0.615558631,-0.049545747,0.936940834,-0.477415692,0.452135056,-0.24762136,0.533465721,59083
Fga,-0.271338016,0.589162755,-0.050523325,0.962435979,0.680663429,0.452135056,0.459848738,0.393005102,14161
Fgb,-0.419110916,0.330796731,0.093039733,0.885387344,0.965431645,0.176725463,0.453280997,0.295682318,110135
Fgg,-0.924257252,0.165951807,-0.099770719,0.926665979,0.506037148,0.581644312,-0.318449385,0.655462673,99571
Fgl1,0.469966572,0.742200975,0.210441732,0.936940834,-0.75438219,0.732182365,-0.494857351,0.793953369,234199
Flna,-1.764090791,0.154746731,0.433648332,0.842829494,1.374614456,0.474283826,-0.823124667,0.504034015,192176
Flnc,-0.9226402,0.407003777,0.449290797,0.819350183,1.039819227,0.539258372,-0.332111769,0.808578776,68794
Flt4,0.717406937,0.165951807,-0.050680984,0.953556023,0.156231416,0.848585912,0.924319337,0.082497068,14257
Fn1,-0.343118775,0.394103047,-0.241827602,0.74013472,0.38311675,0.537400825,0.281825577,0.512142536,14268
Ftl2,-0.489445539,0.526237945,-1.189864602,0.587536572,-0.380682006,0.744311905,0.319737057,0.731498748,14337
Fuca1,1.572214032,0.129548072,-0.393394598,0.799688365,-1.029409199,0.512852857,0.936199432,0.326912404,71665
G6pdx,-0.168730853,0.75209725,-0.136113849,0.873783619,-0.84752,0.3266529,-0.880137004,0.13738789,14381
Ganab,0.126566905,0.808507498,-0.313500494,0.74013472,-0.284238358,0.710448495,0.15582904,0.815358362,14376
Gc,-0.018373657,0.971740355,-0.169582407,0.843524622,-0.146125775,0.849113941,0.005082976,0.997502492,14473
Gclc,0.278228398,0.809678435,0.429292336,0.843524622,-0.032009798,0.981273924,-0.183073736,0.910654123,14629
Gda,-0.970912334,0.26335849,-0.426486838,0.766611821,-0.242628765,0.866672848,-0.787054262,0.363049551,14544
Gdi2,-1.024244092,0.027000418,-0.211550023,0.753365273,0.273939277,0.638044596,-0.538754792,0.171062773,14569
Ggh,0.567828635,0.737895939,-0.938652056,0.766611821,-2.581875074,0.348054078,-1.075394382,0.574531211,14590
Glo1,-1.219193327,0.165951807,-0.469910019,0.749677919,-0.459937638,0.703085253,-1.209220946,0.163728549,109801
Gm10358,-1.955775107,0.009482352,-0.153454305,0.868174205,0.414295532,0.581644312,-1.388025271,0.038625725,100039229
Gm20390,-0.780362105,0.129548072,-0.149769674,0.858055354,-0.306001161,0.676295401,-0.936593593,0.067960094,
Gm20489,1.742403371,0.012085753,-0.301535731,0.753365273,-0.679116896,0.470659053,1.364822205,0.038625725,
Gm20547,0.413533928,0.297895682,0.095802806,0.873783619,-0.163314017,0.815320301,0.154417106,0.749677614,
Gm3839,-1.955775107,0.009482352,-0.153454305,0.868174205,0.414295532,0.581644312,-1.388025271,0.038625725,100042427
Gnb2,-0.24957435,0.691418223,0.325592938,0.766611821,0.381387231,0.680889214,-0.193780057,0.807819144,14693
Gnpda1,-0.105757054,0.938877092,-0.896796273,0.733939076,-0.341228339,0.866672848,0.44981088,0.753238094,26384
Got1,-0.435455694,0.555822096,-0.119788751,0.926665979,-0.227130725,0.850317859,-0.542797668,0.503821033,14718
Gp1ba,0.483616585,0.238418374,-0.136963324,0.846241099,-0.62352836,0.323901929,-0.002948451,0.997502492,14723
Gp1bb,-1.139879144,0.337666543,0.543213703,0.790827415,1.068764817,0.539258372,-0.614328029,0.638858042,14724
Gp5,-0.298825939,0.587125491,-0.500431728,0.700598262,-0.205872399,0.843205767,-0.004266611,0.997502492,14729
Gpi,0.204059061,0.691418223,0.611438857,0.636038213,-0.932483014,0.238371772,-1.339862809,0.038625725,14751
Gpld1,-0.46828563,0.243535521,-0.279494715,0.733939076,0.264072334,0.676295401,0.075281419,0.883603821,14756
Gpx1,-0.476843834,0.531955923,-0.55414829,0.733939076,-0.23453843,0.849113941,-0.157233973,0.870889014,14775
Gpx3,-0.220854379,0.577787422,-0.110081133,0.873783619,0.431927843,0.518685,0.321154597,0.457812826,14778
Gpx5,1.276522989,0.456975809,-0.483800763,0.870161547,-0.105836215,0.967382967,1.654487537,0.342516782,14780
Gsn,-0.125919775,0.802911232,-0.503678483,0.654905946,0.649811078,0.452135056,1.027569785,0.067960094,227753
Gsr,1.856813278,0.09233901,0.184230066,0.904925449,-0.399426681,0.816963788,1.273156532,0.196122578,14782
Gstm1,-0.762928519,0.555822096,-0.276652387,0.893510112,-0.20175045,0.929238792,-0.688026581,0.640435312,14862
H2-Q10,-0.508405304,0.278890075,-0.086445109,0.904925449,0.282526553,0.680889214,-0.139433643,0.808578776,15007
H2-Q4,1.163723291,0.031842266,-0.159098194,0.843524622,-0.629637166,0.383467267,0.69318432,0.141334366,15015
H2-Q7,-0.036641628,0.96785525,-0.264894456,0.859164444,0.533073854,0.680889214,0.761326682,0.378992466,15018
H6pd,0.723996867,0.129548072,0.376284503,0.700598262,-0.056407714,0.939253848,0.29130465,0.53066902,100198
Habp2,1.906682705,0.14636331,0.855580911,0.733939076,-0.231534434,0.922086131,0.81956736,0.523869197,226243
Hadha,1.816694253,0.191550402,0.164549694,0.940812114,-2.071887005,0.323901929,-0.419742446,0.801666384,97212
Hagh,-0.807820722,0.4056235,-0.253359802,0.873783619,-0.714636551,0.619677664,-1.26909747,0.193668901,14651
Hba,-1.554712854,0.118480844,-0.566195026,0.73959492,-0.002131617,0.99704776,-0.990649445,0.264056527,15121
Hbb-b1,-1.606266314,0.577787422,1.825574232,0.74013472,-1.611326268,0.710448495,-5.043166815,0.112846855,15129
Hbb-b2,-1.652221072,0.322193763,-0.448192125,0.873783619,-1.653254148,0.52030076,-2.857283095,0.101870887,15130
Hbb-bs,-1.729390439,0.23100269,-0.698815058,0.767769791,0.130897458,0.946347929,-0.899677923,0.54874194,100503605
Hbb-y,0.103224268,0.96785525,-0.03580789,0.997159878,-0.312600911,0.936684623,-0.173568753,0.966638845,15135
Hck,-0.410411382,0.698589964,0.701544539,0.74013472,0.667954045,0.680889214,-0.444001876,0.736069858,15162
Hgfac,-0.097510164,0.847742951,-0.650894321,0.636038213,0.12874035,0.886550199,0.682124507,0.193668901,54426
Hint1,-1.148304254,0.165951807,-0.438505834,0.749677919,-0.254589393,0.845649522,-0.964387812,0.223583198,15254
Hist4h4,-2.106725555,0.075281402,0.99881468,0.654905946,1.627180162,0.300942377,-1.478360073,0.162298197,320332
Hk1,-0.385036895,0.57424238,0.487486745,0.735333528,0.066100499,0.946347929,-0.806423141,0.264056527,15275
Hp,2.767381515,0.360222507,3.252698134,0.636038213,-2.077200444,0.645987761,-2.562517063,0.39275213,15439
Hpcal1,0.132768858,0.872144988,1.035187539,0.636038213,-0.137517104,0.922086131,-1.039935786,0.208149886,53602
Hpd,3.635668826,0.012085753,0.009853343,0.997159878,-2.551585716,0.143995877,1.074229767,0.30957645,15445
Hpx,0.93864298,0.112716764,0.56182915,0.636038213,-0.553933222,0.513152805,-0.177119391,0.780942776,15458
Hrg,0.258263004,0.504788574,-0.007579221,0.997159878,-0.483164862,0.452135056,-0.217322637,0.606250759,94175
Hsp90aa1,-0.739050508,0.165951807,0.242627108,0.785439617,0.53219194,0.513152805,-0.449485677,0.378238273,15519
Hsp90ab1,-0.211877098,0.726918435,0.072045489,0.942707354,0.219639696,0.843205767,-0.064282891,0.940993922,15516
Hsp90b1,-0.475065297,0.496031115,0.641294935,0.691800382,0.253138235,0.834297072,-0.863221997,0.218746764,22027
Hspa1a,-0.663338127,0.161556534,0.010611343,0.997159878,0.26731619,0.680889214,-0.40663328,0.363049551,193740
Hspa1b,-0.663338127,0.161556534,0.010611343,0.997159878,0.26731619,0.680889214,-0.40663328,0.363049551,15511
Hspa4,-0.072013899,0.883696198,-0.325188374,0.73959492,-0.270027224,0.70938909,-0.016852749,0.994323375,15525
Hspa5,-0.16237877,0.726918435,0.327437872,0.735333528,0.423624051,0.544190049,-0.066192591,0.921130808,14828
Hspa8,-1.225606075,0.016004715,-0.099734752,0.873783619,0.347523022,0.564338256,-0.778348302,0.082497068,15481
Hspd1,-1.546262385,0.316956325,0.506797608,0.847285189,1.200486525,0.584680029,-0.852573468,0.612400992,15510
Hspe1,-1.427864261,0.165951807,0.357967682,0.843524622,0.949047521,0.533376495,-0.836784421,0.39275213,15528
Ica,0.273515403,0.436179123,-0.018664979,0.984700495,-0.318516015,0.539258372,-0.026335634,0.966638845,71775
Icoslg,1.336380848,0.034741194,-0.564794026,0.637324166,-0.76525881,0.348054078,1.135916064,0.058989992,50723
Idh1,0.750662528,0.469801134,-0.910605808,0.694654669,-0.960253647,0.539258372,0.701014689,0.517359789,15926
Idh2,-1.320537765,0.378878231,-0.383647934,0.873783619,0.400266298,0.876729007,-0.536623532,0.765872055,269951
Ifi47,0.007098196,0.989398691,0.782401639,0.654905946,0.211497583,0.866672848,-0.56380586,0.470115115,15953
Igfals,-0.796838152,0.191550402,-0.286286935,0.781544519,0.426784581,0.638044596,-0.083766636,0.920623455,16005
Igfbp3,0.156651568,0.760828494,-0.635092645,0.636038213,0.352317317,0.679313584,1.14406153,0.062090567,16009
Igh-3,0.734227047,0.496031115,1.558807248,0.625852236,-1.347342972,0.452135056,-2.171923173,0.063918744,16016
Igha,0.732432707,0.378878231,0.287618548,0.843524622,-0.314857359,0.834297072,0.1299568,0.910010734,238447
Ighg1,1.997266978,0.048253255,1.933741321,0.497907415,0.161826309,0.922086131,0.225351966,0.835765681,16017
Ighg2c,0.893308997,0.252321702,1.520259739,0.501258115,-1.336589536,0.245086269,-1.963540278,0.038625725,404711
Ighg3,1.196914307,0.504788574,-0.244392229,0.936940834,-0.307079991,0.922086131,1.134226546,0.54874194,380795
Ighg3,1.196914307,0.504788574,-0.244392229,0.936940834,-0.307079991,0.922086131,1.134226546,0.54874194,380795
Ighm,0.557759602,0.504800528,-0.016093413,0.997159878,-3.109786787,0.030381496,-2.535933772,0.038625725,16019
Ighv10-1,-0.285554539,0.817484226,0.468324379,0.843524622,1.164244155,0.539258372,0.410365237,0.794391306,380808
Ighv10-3,-0.285554539,0.817484226,0.468324379,0.843524622,1.164244155,0.539258372,0.410365237,0.794391306,380809
Ighv1-11,0.024403795,0.989398691,0.668694444,0.873783619,1.308184351,0.751554982,0.663893702,0.852481593,629859
Ighv1-12,1.723910313,0.101322298,0.423218453,0.791523065,-1.551161027,0.268358861,-0.250469166,0.832745124,629860
Ighv1-22,0.89811522,0.518578704,1.170499308,0.701593182,-1.031044794,0.619677664,-1.303428882,0.358553783,780883
Ighv1-34,-1.117470095,0.555822096,0.463355675,0.873783619,-0.470621891,0.891931227,-2.051447662,0.299317589,628614
Ighv1-37,1.768625233,0.275870275,0.024615999,0.997159878,-1.933380355,0.474283826,-0.189371121,0.932452041,668517
Ighv14-1,1.93737443,0.080407045,1.122200925,0.636038213,-1.494006708,0.323901929,-0.678833203,0.516292747,780801
Ighv1-43,-0.237349204,0.803361077,1.18788695,0.636038213,-0.634905311,0.676295401,-2.060141465,0.060696469,629908
Ighv1-47,3.248864197,0.172438482,2.985565239,0.636038213,-0.753063584,0.845649522,-0.489764626,0.863045456,629915
Ighv1-5,2.103628424,0.113055791,0.837080101,0.733939076,-2.274532245,0.230609777,-1.007983922,0.391837766,668469
Ighv1-56,3.329131386,0.191550402,3.593709498,0.625852236,-2.175049946,0.544313452,-2.439628057,0.336249768,382695
Ighv1-62-1,1.727553793,0.154746731,0.204049292,0.904925449,-1.958122486,0.245882674,-0.434617984,0.750543913,668544
Ighv1-62-2,3.100782102,0.069284984,0.879045194,0.74013472,-2.576548327,0.235861321,-0.354811419,0.850358082,238448
Ighv1-66,3.801497695,0.075281402,2.165763562,0.636038213,-2.64043963,0.348054078,-1.004705497,0.615542178,380824
Ighv1-74,1.547475595,0.178196233,0.948943572,0.700598262,-1.385682172,0.452135056,-0.787150149,0.503821033,100775173
Ighv1-76,1.28845788,0.456853758,1.931055927,0.636038213,-3.532770454,0.230609777,-4.175368501,0.038625725,100775174
Ighv1-77,3.100710778,0.129548072,0.463594487,0.873783619,-3.416524595,0.235861321,-0.779408304,0.723186837,619994
Ighv1-78,2.08519988,0.192011959,2.129914892,0.636038213,-0.875828581,0.694602723,-0.920543593,0.592999286,213570
Ighv1-82,0.043071154,0.988205322,0.712117983,0.873783619,1.278890184,0.765989642,0.609843355,0.857851596,100775175
Ighv1-85,4.387298747,0.080407045,1.583923296,0.733939076,-2.787370772,0.452135056,0.016004679,0.997502492,668597
Ighv2-5,4.107618956,0.092169249,1.077557922,0.766611821,-2.328611254,0.512852857,0.70144978,0.793953369,638605
Ighv4-1,1.596144761,0.129548072,0.478900847,0.766611821,0.105038647,0.943267589,1.222282562,0.208149886,780802
Ighv5-12-4,0.761252202,0.619082557,0.237825327,0.933866356,-0.097502826,0.967382967,0.425924049,0.835765681,628098
Ighv5-15,2.088702398,0.222502799,1.926398685,0.636038213,0.960616541,0.682863402,1.122920254,0.524882428,780792
Ighv5-17,1.695373081,0.075454086,0.873706885,0.636038213,-1.644245579,0.230609777,-0.822579383,0.326912404,780794
Ighv5-4,3.920184987,0.031842266,0.273723556,0.904925449,-2.208741893,0.348054078,1.437719538,0.35617214,777688
Ighv5-9-1,1.930535347,0.217459245,-0.011403009,0.997159878,-2.954089801,0.230609777,-1.012151445,0.531029212,641178
Ighv6-3,0.618004255,0.510209567,0.539894396,0.74013472,-1.692251417,0.235861321,-1.614141559,0.101870887,629845
Ighv6-6,1.173398576,0.142919137,-0.105712995,0.93570678,-1.22473798,0.276546731,0.054373591,0.966638845,238427
Ighv7-1,2.806328234,0.012085753,0.178968897,0.893510112,-1.345572584,0.318177293,1.281786753,0.154325228,780799
Ighv9-2,1.300640106,0.398696253,0.659632531,0.799688365,-1.858580704,0.474283826,-1.217573129,0.437230705,629818
Igkv10-94,0.597914026,0.563275837,1.452918131,0.636038213,-1.940108866,0.235861321,-2.795112971,0.038625725,667550
Igkv1-110,0.93194908,0.287742365,0.975129081,0.636038213,-0.964836041,0.512852857,-1.008016041,0.254121085,381777
Igkv1-117,0.93194908,0.287742365,0.975129081,0.636038213,-0.964836041,0.512852857,-1.008016041,0.254121085,16098
Igkv1-132,0.683165354,0.737895939,0.464362812,0.885387344,-1.362133546,0.678554981,-1.143331004,0.62179324,243423
Igkv1-133,1.739508313,0.048253255,1.805864344,0.497907415,-1.166523383,0.312286431,-1.232879414,0.112846855,628027
Igkv12-38,0.740719733,0.760183836,0.909050446,0.843524622,-1.019963822,0.827002077,-1.188294535,0.694902598,620050
Igkv12-41,0.48978888,0.723509618,0.791323772,0.753365273,-0.16240447,0.943267589,-0.463939362,0.793953369,619960
Igkv12-44,2.227819005,0.284175754,1.656829286,0.701593182,-0.536774885,0.876729007,0.034214834,0.997502492,545851
Igkv12-46,1.025028687,0.359862974,1.418792147,0.636038213,-0.188957656,0.922086131,-0.582721116,0.629013276,692245
Igkv16-104,2.171379275,0.080407045,1.131522821,0.654905946,-1.439244563,0.428221871,-0.399388109,0.75970306,381778
Igkv1-88,0.93194908,0.287742365,0.975129081,0.636038213,-0.964836041,0.512852857,-1.008016041,0.254121085,692154
Igkv1-99,0.93194908,0.287742365,0.975129081,0.636038213,-0.964836041,0.512852857,-1.008016041,0.254121085,434028
Igkv19-93,3.214056939,0.111681019,-0.916145024,0.766611821,-3.102330505,0.240922926,1.027871458,0.59649277,692161
Igkv3-7,0.61589531,0.57669955,1.153004971,0.654905946,-1.002487872,0.550487816,-1.539597534,0.187395039,108005
Igkv4-58,0.986709165,0.378878231,1.34725825,0.636038213,-0.664122096,0.680889214,-1.024671181,0.363049551,381831
Igkv4-59,1.269182706,0.379024562,0.212919102,0.933866356,-1.565936819,0.512852857,-0.509673215,0.771035872,667683
Igkv5-39,0.8067396,0.456853758,0.265977951,0.873783619,-3.189123649,0.056790887,-2.648362,0.038625725,620017
Igkv5-43,0.824099435,0.577787422,1.240116878,0.72395581,-1.739855837,0.512852857,-2.15587328,0.181955584,381783
Igkv5-45,-4.18909526,0.134990376,-2.380137578,0.691800382,-1.372862023,0.710448495,-3.181819704,0.223583198,545850
Igkv6-15,2.666784534,0.134990376,0.792228033,0.780999501,-1.85521001,0.506118334,0.019346491,0.997502492,108022
Igkv6-20,3.208127029,0.016004715,2.020069973,0.501258115,-2.517880418,0.176725463,-1.329823361,0.227415555,108024
Igkv6-32,0.41616677,0.742200975,1.140385594,0.701593182,-0.577057247,0.799746202,-1.301276071,0.346042978,434039
Igkv8-16,0.896334201,0.772458798,-1.3473137,0.815552528,0.291753037,0.946347929,2.535400938,0.457812826,640340
Igkv8-19,2.474407302,0.147366011,0.586995776,0.84324025,-1.678998628,0.513152805,0.208412899,0.924196877,232065
Igkv8-27,3.195922848,0.122183752,0.555575657,0.860764712,-1.893110732,0.518685,0.747236459,0.731498748,434041
Igkv8-28,1.436559394,0.240739617,1.456318041,0.636038213,0.202635903,0.922086131,0.182877255,0.910654123,434040
Igkv8-30,8.530437644,0.118480844,0.402155996,0.969196788,-0.834957855,0.922086131,7.293323793,0.147032457,384419
Iglc1,2.121033892,0.069318014,1.439625118,0.625852236,-0.731414849,0.619677664,-0.050006075,0.982852341,110785
Iglc2,1.38423408,0.178196233,-0.605840511,0.74013472,-2.67336455,0.096932659,-0.683289959,0.516292747,110786
Iglc3,2.178576659,0.068418553,-0.753290844,0.733939076,-3.006367373,0.056790887,-0.07449987,0.966638845,110787
Il1rap,0.705977725,0.254720599,-0.631106461,0.654905946,0.075818181,0.939253848,1.412902367,0.044799738,16180
Ilk,-0.729772043,0.424456962,0.549594978,0.74013472,0.547353923,0.680889214,-0.732013098,0.425989818,16202
Impa1,-0.234455637,0.658480496,0.137002492,0.873783619,-0.433961783,0.581644312,-0.805419911,0.161599424,55980
Ipo5,-1.786878716,0.165951807,-0.797660969,0.73959492,0.152290986,0.939253848,-0.836926761,0.516292747,70572
Itga2,0.624758395,0.256462033,-0.27691727,0.766611821,-0.651891516,0.474283826,0.249784148,0.696536111,16398
Itga2b,-0.5987162,0.546429467,0.516643633,0.766611821,0.544251679,0.710448495,-0.571108154,0.608897525,16399
Itga6,0.713090949,0.504800528,-0.124796682,0.941603677,-1.276720035,0.474283826,-0.438832405,0.731498748,16403
Itgb1,-0.488673468,0.435138352,0.112380881,0.904925449,0.820591498,0.428221871,0.219537149,0.771368134,16412
Itgb3,-0.808852314,0.399177396,0.592441471,0.74013472,0.89501734,0.539258372,-0.506276445,0.628397641,16416
Itih1,-0.174411326,0.580793885,-0.072078822,0.88912261,0.125465435,0.834297072,0.023132931,0.969522549,16424
Itih2,-0.279829602,0.420597613,-0.081661875,0.873783619,-0.03094203,0.946347929,-0.229109758,0.53066902,16425
Itih3,1.355109318,0.080407045,0.727399723,0.636038213,-0.181849979,0.876729007,0.445859616,0.533465721,16426
Itih4,-0.261979078,0.614028105,0.135279626,0.873783619,-0.129569561,0.892395681,-0.526828265,0.346042978,16427
Jchain,2.287277939,0.154746731,-0.076318979,0.984700495,-2.160764594,0.348054078,0.202832323,0.921130808,16069
Kel,-1.348914597,0.182392136,-0.78208953,0.701593182,-0.627133814,0.676295401,-1.193958881,0.223583198,23925
Kif2a,-0.68569318,0.546575197,0.995114703,0.700598262,0.951844623,0.572150313,-0.72896326,0.55729487,16563
Klkb1,-0.570141302,0.178196233,-0.300309026,0.733939076,0.261335362,0.676295401,-0.008496914,0.997502492,16621
Kng1,0.338910225,0.73668011,-0.115767822,0.942707354,1.062164949,0.518685,1.516842996,0.16235955,16644
Kng2,0.071488692,0.872686097,-0.121485764,0.873783619,-0.422911131,0.539258372,-0.229936676,0.663966561,385643
Krt1,-1.492103458,0.263822574,-1.302360845,0.654905946,-0.320960618,0.891931227,-0.510703231,0.750543913,16678
Krt10,-0.816709209,0.57424238,-1.032129622,0.735333528,-0.873824948,0.682863402,-0.658404535,0.716271208,16661
Krt5,-0.869732248,0.531955923,-0.995182411,0.733939076,-0.367032366,0.876729007,-0.241582204,0.899019379,110308
Krt6b,-0.869732248,0.531955923,-0.995182411,0.733939076,-0.367032366,0.876729007,-0.241582204,0.899019379,16688
Krt75,-0.869732248,0.531955923,-0.995182411,0.733939076,-0.367032366,0.876729007,-0.241582204,0.899019379,109052
Krt90,-1.375799147,0.307675613,-1.145087215,0.700598262,-0.281975646,0.91506853,-0.512687579,0.750543913,239673
Lap3,0.400417054,0.510941965,-0.239636304,0.833351724,0.048713943,0.95340213,0.6887673,0.264056527,66988
Lbp,0.352298809,0.50936748,-0.022470387,0.992846515,-0.08743306,0.922086131,0.287336136,0.62080855,16803
Lcat,1.055622809,0.192945295,-0.416140863,0.766611821,-0.108263343,0.936684623,1.36350033,0.102480703,16816
Lcp1,1.670009842,0.012471604,0.502779174,0.691800382,-0.813023005,0.3266529,0.354207663,0.533465721,18826
Ldha,-0.861436169,0.087332403,0.082472843,0.904925449,0.297608298,0.676295401,-0.646300714,0.163655404,16828
Lgals3bp,0.811528785,0.19334368,0.012217772,0.997159878,-0.155330422,0.881837802,0.643980591,0.299317589,19039
Lifr,-0.316451858,0.642706821,-1.103302725,0.587536572,1.049115817,0.341368364,1.835966683,0.038625725,16880
Lipc,1.425445002,0.224470666,-0.588805543,0.766611821,-0.655804057,0.683239358,1.358446489,0.244065714,15450
Loxl1,1.24881249,0.055185362,-0.527381627,0.668710814,0.093764743,0.922086131,1.869958861,0.038625725,16949
Lrg1,2.026900232,0.100050993,0.617506216,0.745266601,-0.355993055,0.845649522,1.053400961,0.342516782,76905
Lrp1,0.742686999,0.183333167,-0.153071429,0.870161547,-0.163549861,0.849113941,0.732208567,0.18327982,16971
Lta4h,-0.887157359,0.447566926,0.490794664,0.799688365,-0.382891508,0.845649522,-1.760843531,0.145023315,16993
Ltf,3.099829666,0.007813009,1.14817936,0.587536572,0.039524162,0.967382967,1.991174468,0.038625725,17002
Lum,0.02519861,0.96785525,-0.330056136,0.73959492,0.332948405,0.676295401,0.688203151,0.183301112,17022
Ly6g6f,-1.428947953,0.298687108,-0.336535084,0.873783619,1.166289759,0.552616977,0.07387689,0.980558104,433099
Lyve1,1.203578697,0.049430292,0.136233991,0.873783619,0.239156427,0.765944107,1.306501133,0.038625725,114332
Lyz1,0.936192996,0.112716764,0.29347537,0.74586711,-0.419455567,0.578154906,0.223262059,0.721901226,17110
Man1a1,0.723248916,0.134990376,-0.22352249,0.766611821,-0.242072332,0.70938909,0.704699073,0.13374694,17155
Man2a1,1.551966616,0.012085753,0.046620822,0.961104843,-0.941767521,0.230609777,0.563578273,0.253792824,17158
Man2b1,-0.010348877,0.988205322,-0.190764932,0.873783619,-0.003815787,0.99704776,0.176600267,0.852481593,17159
Man2b2,0.29339661,0.828841118,-0.696626238,0.766611821,-1.287943885,0.539258372,-0.297921037,0.863745356,17160
Mapk14,-0.013729636,0.985911197,0.307466638,0.790827415,0.021335919,0.979758295,-0.299860355,0.703748153,26416
Masp1,-0.009002013,0.985911197,-0.164592712,0.842829494,0.423251044,0.537400825,0.578841743,0.193668901,17174
Masp2,-0.196839554,0.620240097,-0.249110357,0.74013472,0.063863606,0.929238792,0.116134409,0.826080681,17175
Mat1a,-2.442322031,0.129548072,-1.342714195,0.691800382,-0.130122598,0.946347929,-1.229730433,0.398334495,11720
Mbl2,-1.135222527,0.129548072,-0.622205585,0.689560446,1.063602343,0.300942377,0.550585401,0.407920374,17195
Mdh1,-0.732302877,0.101322298,-0.109838317,0.87247331,-0.043845373,0.943267589,-0.666309933,0.107203319,17449
Mgam,-0.878114876,0.208354447,-0.803425817,0.636038213,0.352771564,0.72248091,0.278082505,0.731498748,232714
Mmp2,1.837507823,0.012085753,-0.061230004,0.942707354,-0.112086165,0.915456602,1.786651662,0.038625725,17390
Mmp8,2.977532769,0.012085753,1.219563361,0.636038213,-1.438893299,0.323901929,0.319076109,0.784250762,17394
Mmrn1,1.210767978,0.134990376,-0.382142984,0.766611821,-0.711788594,0.539258372,0.881122368,0.25205185,70945
Mpo,0.828133311,0.577787422,-0.548528199,0.844698222,-1.015153542,0.678554981,0.361507968,0.857851596,17523
Mpp1,-2.601794918,0.013306866,-0.934873591,0.636038213,-0.014540696,0.988650707,-1.681462023,0.071051634,17524
Mst1,0.828041682,0.103684909,-0.271493004,0.74013472,-0.885710267,0.230609777,0.21382442,0.678960277,15235
Mstn,1.958773344,0.07808912,0.568219873,0.74013472,-1.859100958,0.234170803,-0.468547487,0.672733727,17700
Mug1,0.776713865,0.293651446,-0.454774027,0.74013472,0.789147715,0.513152805,2.020635607,0.038625725,17836
Mug2,0.060382484,0.96785525,0.326901986,0.878209937,1.54659639,0.512852857,1.280076888,0.36794642,17837
Mup11,-0.351522262,0.872144988,0.004633566,0.997159878,2.259649965,0.518685,1.903494138,0.393615057,100039028
Mup14,3.817461833,0.118480844,0.941899149,0.799688365,0.867237665,0.82510641,3.742800349,0.101870887,100039116
Mup17,-0.351522262,0.872144988,0.004633566,0.997159878,2.259649965,0.518685,1.903494138,0.393615057,100039206
Mup20,2.976909233,0.336531836,0.342531966,0.942707354,-0.95053944,0.849113941,1.683837826,0.615619893,381530
Mup21,0.417493501,0.695211622,-0.462059911,0.799688365,1.0724031,0.533376495,1.951956512,0.09427396,381531
Mup22,0.592394474,0.577787422,-1.250610684,0.636038213,0.697597936,0.680889214,2.540603094,0.05003375,100861909
Mup6,-0.351522262,0.872144988,0.004633566,0.997159878,2.259649965,0.518685,1.903494138,0.393615057,620807
Myh14,-1.515800554,0.263822574,0.081623058,0.981106434,1.436725558,0.513152805,-0.160698054,0.932452041,71960
Myh9,-1.465416243,0.240739617,0.524318113,0.799688365,1.306296447,0.513152805,-0.683437909,0.612400992,17886
Myl12b,-0.473593202,0.737895939,0.55008162,0.842829494,1.749957986,0.474283826,0.726283163,0.664983123,67938
Myl6,-1.355029595,0.254720599,0.531643542,0.794274695,1.207600708,0.518685,-0.67907243,0.597450734,17904
Myl9,-1.172432155,0.287742365,0.557769285,0.766611821,1.47501971,0.427810636,-0.255181729,0.857851596,98932
Nap1l1,-1.048210785,0.147407114,0.190213127,0.870161547,0.394768683,0.680889214,-0.843655229,0.215544693,53605
Naprt,-0.669763209,0.614028105,0.087318674,0.981106434,-0.502309887,0.834947196,-1.259391771,0.36794642,223646
Ncam1,0.678068694,0.378878231,-0.464415533,0.74013472,0.389933291,0.726745653,1.532417518,0.066128514,17967
Nid1,1.595103173,0.072827599,-0.183869231,0.873783619,-0.449023137,0.680889214,1.329949268,0.099464729,18073
Ig heavy chain V region 914,1.787840146,0.129548072,0.860137459,0.701593182,-0.974834916,0.539258372,-0.047132229,0.986805512,#N/A
Ig heavy chain V region 5-76,1.106425571,0.435138352,2.353088923,0.587536572,-0.52734918,0.834297072,-1.774012532,0.214332899,#N/A
Ig heavy chain V-III region HPC76,1.907036985,0.430702224,-2.390718342,0.654905946,-2.799084114,0.496859477,1.498671213,0.558015801,#N/A
Ig heavy chain V region AC38 205.12,-0.670490596,0.698589964,1.244791326,0.735333528,-0.832030712,0.768496719,-2.747312634,0.147032457,#N/A
Ig kappa chain V-V region MOPC 149,1.106678992,0.523552979,2.895647645,0.587536572,-2.277011724,0.439705232,-4.065980377,0.044799738,#N/A
Ig kappa chain V-IV region S107B,0.986709165,0.378878231,1.34725825,0.636038213,-0.664122096,0.680889214,-1.024671181,0.363049551,#N/A
Ig heavy chain V-III region J606,0.618004255,0.510209567,0.539894396,0.74013472,-1.692251417,0.235861321,-1.614141559,0.101870887,#N/A
Ig heavy chain V region AMPC1,2.945197168,0.129548072,-2.032013489,0.636038213,-3.09037399,0.240922926,1.886836666,0.292260863,#N/A
Ig kappa chain V region Mem5,2.716373602,0.117070912,1.354277431,0.694654669,-2.879099083,0.235861321,-1.517002912,0.328766284,#N/A
Nrp1,0.82157636,0.684898983,-2.420517381,0.636038213,-0.227375395,0.943267589,3.014718346,0.162298197,18186
Nsf,1.520560319,0.069318014,0.388209528,0.753365273,-1.433704748,0.230609777,-0.301353958,0.723186837,18195
Nsfl1c,0.476886175,0.518535235,0.153204188,0.893510112,-0.682497932,0.539258372,-0.358815945,0.669795316,386649
Nt5c3a,-0.242731308,0.760828494,0.113744354,0.936940834,0.271432445,0.848585912,-0.085043217,0.942593966,107569
Nucb1,1.11268141,0.322193763,-0.344589678,0.859164444,-0.998361029,0.541094616,0.458910058,0.731498748,18220
Oaf,1.845121557,0.034741194,0.343837388,0.789988466,-0.22697601,0.849113941,1.274308159,0.101870887,102644
Olfm1,0.680955364,0.420597613,-0.614138712,0.733939076,-0.365160255,0.797471919,0.929933821,0.270827642,56177
Orm1,0.872975184,0.311180137,0.779557014,0.694654669,-0.640174674,0.619677664,-0.546756504,0.54874194,18405
Orm2,3.008054452,0.080407045,1.230118544,0.701593182,-1.62113539,0.513152805,0.156800518,0.940993922,18406
P4hb,0.184693261,0.742200975,0.009112301,0.997159878,0.045409469,0.955976921,0.220990429,0.756406639,18453
Pa2g4,0.331022933,0.784957369,-0.397816667,0.859164444,0.448303815,0.843024697,1.177143415,0.363049551,18813
Pafah1b2,0.354575558,0.753371533,0.462231206,0.842008044,0.364496709,0.849113941,0.25684106,0.863045456,18475
Parvb,-0.704180888,0.540254016,0.958228032,0.701593182,1.337043066,0.50479044,-0.325365854,0.826080681,170736
Pcyox1,0.338546985,0.523236744,-0.345362371,0.73959492,-0.513765414,0.537400825,0.170143942,0.796834827,66881
Pdcd5,-1.03172944,0.561937077,0.7718217,0.799688365,2.62886086,0.348054078,0.825309719,0.702626847,56330
Pdcd6,-0.142021487,0.872144988,0.321761868,0.843524622,1.174627949,0.428221871,0.710844594,0.433256506,18570
Pde5a,-0.846084771,0.371786395,1.155703308,0.636038213,0.854845017,0.539258372,-1.146943062,0.223583198,242202
Pdia3,-0.655657396,0.366793887,0.508620275,0.733939076,0.380510915,0.710448495,-0.783766756,0.276650812,14827
Pdlim1,-0.626581398,0.480027419,0.287586714,0.848531365,0.251502768,0.865544989,-0.662665344,0.467535434,54132
Pfkl,0.105084759,0.935115734,-1.031770638,0.694654669,0.065881102,0.967382967,1.202736499,0.295682318,18641
Pgd,0.311284741,0.394646891,0.445622835,0.636038213,0.045312428,0.939253848,-0.089025666,0.852481593,110208
Pgk1,-0.668235273,0.182392136,-0.113910134,0.873783619,-0.287804103,0.680889214,-0.842129243,0.101870887,18655
Pglyrp2,0.561119364,0.256462033,0.188264191,0.842008044,0.19234056,0.827002077,0.565195732,0.254121085,57757
Pklr,-1.242508021,0.190996646,-0.873282326,0.680746359,-0.605748532,0.676295401,-0.974974228,0.295682318,18770
Pkm,-0.361989025,0.469801134,0.16545798,0.846241099,0.289917477,0.680889214,-0.237529529,0.672733727,18746
Pla2g7,0.878450886,0.129548072,-0.040152485,0.970059986,-0.569445684,0.512852857,0.349157687,0.522257754,27226
Plek,1.258809279,0.149401814,1.349380096,0.587536572,0.988222511,0.474283826,0.897651693,0.270827642,56193
Plg,-0.321456576,0.386314454,0.04359694,0.941603677,0.227075061,0.680889214,-0.137978455,0.753238094,18815
Pltp,-1.204104905,0.084249313,-1.049460801,0.587536572,0.164119958,0.876729007,0.009475854,0.997502492,18830
Plxdc2,0.375090109,0.691418223,-0.850151376,0.694654669,0.323667495,0.845649522,1.548908981,0.127147357,67448
Pm20d1,-0.053126661,0.953963195,-0.425805443,0.766611821,-0.264200527,0.845649522,0.108478254,0.921130808,212933
Pmel,1.517237138,0.312484594,-0.861956534,0.74013472,-0.863100391,0.682863402,1.516093282,0.322149139,20431
Pnp,-0.705998927,0.426226129,-0.793856732,0.694654669,-0.338027023,0.833705808,-0.250169219,0.82046204,18950
Pnp2,-0.860934777,0.36872009,0.115842368,0.940812114,-0.304529247,0.845649522,-1.281306391,0.183301112,667034
Pon1,-1.504428326,0.024678063,-0.544533226,0.654905946,0.419896666,0.60335976,-0.539998434,0.338103311,18979
Postn,0.790378836,0.548021813,-0.870400086,0.73959492,1.168703305,0.550487816,2.829482227,0.060696469,50706
Ppia,-0.810272625,0.118480844,-0.023380336,0.984700495,-0.394600433,0.550487816,-1.181492721,0.038625725,268373
Ppib,-0.881608842,0.236561951,0.529077824,0.733939076,0.29603169,0.8176536,-1.114654977,0.14397726,19035
Ppic,0.568597407,0.251297174,-0.597768596,0.636038213,0.106100606,0.907379982,1.272466608,0.038625725,19038
Prdx1,-1.515474605,0.080407045,-0.693492561,0.694654669,-0.147553748,0.922086131,-0.969535792,0.214332899,18477
Prdx2,-1.754294799,0.118480844,-0.596190959,0.74013472,-0.393977265,0.827002077,-1.552081105,0.137028679,21672
Prdx4,-1.47585285,0.07808912,-0.87266175,0.636038213,-0.163572769,0.901087586,-0.766763869,0.296730295,53381
Prdx5,-0.350122636,0.522581051,-0.164782701,0.865807769,0.171535672,0.849113941,-0.013804262,0.997502492,54683
Prdx6,-0.833409748,0.208354447,-0.39078543,0.74013472,-0.216795246,0.845649522,-0.659419564,0.319840585,11758
Prg4,0.534280286,0.548021813,0.894468258,0.654905946,-0.877153535,0.537400825,-1.237341506,0.18337905,96875
Prkar1a,-1.677599076,0.012085753,0.099149591,0.904925449,1.34743403,0.140091565,-0.429314638,0.433256506,19084
Pros1,0.964013476,0.036396928,-0.050904642,0.936940834,0.009425956,0.982837422,1.024344074,0.038625725,19128
Prps1,-1.92325519,0.129548072,0.14164839,0.94074683,-0.252541453,0.903276082,-2.317445034,0.063918744,19139
Prps1l3,-1.92325519,0.129548072,0.14164839,0.94074683,-0.252541453,0.903276082,-2.317445034,0.063918744,328099
Psma1,-0.035616161,0.944231908,-0.041180245,0.962435979,-0.165889999,0.834297072,-0.160325915,0.771368134,26440
Psma3,-0.021968181,0.96785525,0.114971283,0.878291622,-0.054047858,0.943797636,-0.190987323,0.750543913,19167
Psma4,0.09500554,0.828841118,-0.027331143,0.981106434,-0.372392022,0.564338256,-0.250055339,0.612400992,26441
Psma6,-0.127322463,0.760828494,0.137686991,0.859164444,-0.146557535,0.845649522,-0.411566989,0.363049551,26443
Psmb1,0.524927013,0.490409811,-0.11202288,0.933866356,-0.759743412,0.518685,-0.12279352,0.903957463,19170
Psmb2,-0.210054292,0.695481317,0.139260879,0.873783619,-0.664903146,0.474283826,-1.014218318,0.083965265,26445
Psmb5,-1.157380756,0.191116282,-0.628976964,0.733939076,-0.320254804,0.834297072,-0.848658597,0.330927124,19173
Psmb8,0.987820836,0.129548072,0.185906964,0.859164444,-0.625953004,0.513152805,0.175960869,0.812055786,16913
Psmd2,-1.525364046,0.191550402,-0.088767654,0.970059986,0.214012172,0.922086131,-1.22258422,0.29146224,21762
Psmd8,-1.446304319,0.165951807,-0.380351302,0.842008044,0.250311732,0.881837802,-0.815641285,0.410307256,57296
Psme1,-0.504212257,0.469801134,0.139517898,0.897016004,-0.295356973,0.799746202,-0.939087128,0.181955584,19186
Psme2,-0.291435896,0.577787422,0.101958242,0.904925449,0.165411248,0.851904334,-0.22798289,0.731498748,19188
Ptprg,0.482125084,0.39487242,-0.53447925,0.680746359,-0.203557548,0.834947196,0.813046787,0.163728549,19270
Pygb,-0.471425053,0.720454712,0.735244937,0.762532297,0.90337257,0.676295401,-0.303297419,0.857851596,110078
Pygl,-1.129643745,0.178196233,0.040859754,0.984700495,0.119457811,0.932300553,-1.051045688,0.196182224,110095
Pzp,-0.188499051,0.598270906,-0.13321796,0.843524622,0.012116736,0.979758295,-0.043164355,0.933732459,11287
Qsox1,0.031370839,0.944045571,-0.003144875,0.997159878,-0.031133629,0.95340213,0.003382084,0.997502492,104009
Rab10,-1.211950448,0.07808912,-0.710298775,0.636038213,-0.686652311,0.50479044,-1.188303984,0.069831373,19325
Rab11a,-1.168794483,0.154746731,0.280166119,0.843524622,0.74551946,0.533376495,-0.703441142,0.363049551,53869
Rab27b,-1.193818284,0.222632192,0.559717391,0.74013472,0.852651957,0.541094616,-0.900883717,0.35617214,80718
Rac1,-0.216936116,0.698589964,0.251663717,0.799688365,0.023537719,0.973798852,-0.445062114,0.458897801,19353
Rac2,-0.216936116,0.698589964,0.251663717,0.799688365,0.023537719,0.973798852,-0.445062114,0.458897801,19354
Rack1,-0.486110117,0.587125491,-0.634331631,0.73959492,0.186580652,0.922086131,0.334802165,0.773394755,14694
Ran,-1.273577273,0.256462033,-0.497721184,0.799688365,-0.615162207,0.702488166,-1.391018295,0.21618997,19384
Ranbp1,-0.686969631,0.404679946,-0.376484404,0.790827415,0.935493488,0.50479044,0.625008261,0.458897801,19385
Rap1b,-1.347830839,0.145331556,0.567969885,0.73959492,0.671785415,0.581644312,-1.24401531,0.16235955,215449
Rasa3,-0.367689118,0.742200975,0.520021059,0.799688365,1.152874089,0.533376495,0.265163912,0.857851596,19414
Rbp4,-0.52750849,0.480027419,-0.449065725,0.74013472,-0.04522732,0.967382967,-0.123670086,0.901695825,19662
Rpia,-1.052920849,0.548021813,-1.198731734,0.73959492,-1.206649673,0.676295401,-1.060838788,0.593984033,19895
Rrbp1,-0.426562722,0.683667542,-0.143476219,0.936940834,-0.534496237,0.728798948,-0.81758274,0.457812826,81910
Rsu1,-0.778140497,0.504788574,0.834669276,0.733939076,0.812930673,0.645987761,-0.799879101,0.516292747,20163
Saa4,-0.569286641,0.394103047,-0.403262612,0.74013472,0.313524939,0.755875858,0.14750091,0.857851596,20211
Scp2,-1.30876958,0.165951807,-0.525003077,0.74013472,-0.426732308,0.751554982,-1.210498811,0.183301112,20280
Selenbp1,0.046312745,0.96785525,-1.296297509,0.636038213,-0.960643714,0.539258372,0.38196654,0.756670085,20341
Selenop,0.965173502,0.2297688,0.044902268,0.984285015,-0.490828403,0.680889214,0.429442831,0.617513766,20363
Sell,1.363064612,0.071707553,-0.003977294,0.997159878,-0.325035492,0.726745653,1.042006414,0.119825886,20343
Septin11,-0.910674467,0.343063157,0.600726394,0.74013472,0.969855473,0.518685,-0.541545389,0.606250759,52398
Serpina10,-0.262184785,0.494934573,0.13820013,0.843524622,0.003047142,0.99704776,-0.397337773,0.301199644,217847
Serpina1a,0.289977599,0.577787422,-0.494546392,0.694654669,0.079715075,0.936684623,0.864239066,0.137237219,20700
Serpina1b,-0.463002446,0.384297483,-0.697599389,0.636038213,-0.05448429,0.944729885,0.180112653,0.780942776,20701
Serpina1d,-0.758265483,0.183333167,-0.556301502,0.654905946,0.341664827,0.680889214,0.139700846,0.845245065,20703
Serpina1e,4.734212378,0.061556221,0.145355371,0.97978427,0.09776035,0.970743752,4.686617357,0.05003375,20704
Serpina3c,0.310985753,0.57669955,-0.082681948,0.93570678,0.028535988,0.969405211,0.422203689,0.495501889,16625
Serpina3k,0.632552072,0.492372332,-0.459383415,0.766611821,0.810407433,0.541094616,1.90234292,0.060696469,20714
Serpina3m,-0.197418122,0.704983233,0.079920024,0.933866356,0.21382101,0.827002077,-0.063517136,0.933732459,20717
Serpina3n,0.488873964,0.36872009,0.536572859,0.654905946,0.024392245,0.970743752,-0.02330665,0.986805512,20716
Serpina6,-1.393322656,0.178196233,-0.845413322,0.700598262,0.566352159,0.683239358,0.018442825,0.997502492,12401
Serpina7,0.901481184,0.473196165,0.641191638,0.766611821,-0.64800535,0.716726515,-0.387715804,0.801666384,331535
Serpinb10,-0.054514433,0.960287539,0.760290107,0.701593182,0.33131333,0.834297072,-0.48349121,0.627964213,241197
Serpinb1a,-0.090841139,0.935115734,0.677046678,0.733939076,0.119412473,0.939253848,-0.648475343,0.531029212,66222
Serpinc1,-0.176284405,0.61563072,-0.284963287,0.733939076,0.093468736,0.882199265,0.202147619,0.617513766,11905
Serpind1,-0.069197774,0.872144988,-0.009957065,0.997159878,-0.238974046,0.706298941,-0.298214756,0.522257754,15160
Serpine2,0.127699657,0.872144988,0.548181698,0.733939076,0.161830969,0.915421223,-0.258651072,0.79103865,20720
Serpinf1,0.157350394,0.73668011,-0.240688216,0.766611821,0.289405352,0.680889214,0.687443962,0.167373905,20317
Serpinf2,0.47152149,0.263822574,0.048923412,0.941603677,-0.051497089,0.939253848,0.371100989,0.378992466,18816
Serping1,0.271981129,0.56519305,0.036211643,0.973389241,-0.033941334,0.962839905,0.201828153,0.731498748,12258
Sis,1.55010017,0.170277266,0.209273084,0.904925449,0.17623015,0.922197559,1.517057237,0.171078717,69983
Slc16a1,-8.306662975,0.165951807,-1.758135222,0.859164444,6.519043612,0.50479044,-0.029484141,0.997502492,20501
Slc25a5,-0.860612931,0.522581051,0.255812782,0.904925449,1.10282377,0.572150313,-0.013601944,0.997502492,11740
Slc43a1,-2.776011557,0.012085753,-0.869318134,0.636038213,0.409447255,0.726745653,-1.497246168,0.082497068,72401
Slc4a1,-4.064194738,0.009482352,-0.869332629,0.701593182,0.930997412,0.550487816,-2.263864697,0.060696469,20533
Sod3,0.705956871,0.450095372,-0.929487933,0.654905946,0.084374963,0.946347929,1.719819767,0.082497068,20657
Sparcl1,1.070134701,0.06330912,-0.006379811,0.997159878,0.054743409,0.943267589,1.131257922,0.043722019,13602
Spp2,0.357305128,0.573370986,-0.085863527,0.936940834,0.982567051,0.3266529,1.425735706,0.055077733,75396
Spta1,-0.674331563,0.561937077,-0.807375396,0.738335359,0.033778347,0.980995296,0.16682218,0.920684331,20739
Sptan1,-0.727839951,0.427207363,-0.006197848,0.997159878,0.503332349,0.702488166,-0.218309754,0.85480556,20740
Sptb,-3.344612429,0.009755368,-0.692158996,0.733939076,0.774740366,0.55481285,-1.877713066,0.063918744,20741
Sptbn1,0.016616816,0.985911197,-1.593596141,0.501258115,-0.838414384,0.512852857,0.771798573,0.328766284,20742
Sri,0.014194073,0.972837524,-0.229912962,0.74013472,-0.250760987,0.680889214,-0.006653952,0.997502492,109552
Stip1,-1.703968655,0.07808912,-0.345252084,0.815552528,0.752892961,0.541094616,-0.605823609,0.502380709,20867
Stom,-1.97885034,0.012085753,-0.73158895,0.636038213,0.444936903,0.645987761,-0.802324487,0.214332899,13830
Syk,1.819456696,0.226705253,1.495513899,0.654905946,0.494402895,0.845649522,0.818345692,0.612400992,20963
Sytl4,-0.758845462,0.469875778,0.178536289,0.912023483,0.920804921,0.541982196,-0.01657683,0.997502492,27359
Tagln2,-1.382537775,0.129548072,0.428279317,0.766611821,0.877624948,0.513152805,-0.933192144,0.267971213,21346
Taldo1,0.484415446,0.698744236,-0.776833088,0.74013472,-0.347788843,0.876729007,0.913459692,0.516292747,21351
Tbxas1,-0.522093473,0.726918435,1.174665595,0.733939076,1.431937124,0.539258372,-0.264821944,0.899019379,21391
Tcn2,0.321925209,0.490409811,-0.34593648,0.733939076,-0.050303674,0.943267589,0.617558015,0.187395039,21452
Tcp1,-0.777872629,0.455480012,-0.450447584,0.799688365,-0.066098448,0.967382967,-0.393523493,0.750543913,21454
Tf,-0.09942798,0.758069732,0.176640115,0.766611821,-0.045638247,0.938580671,-0.321706342,0.357186185,14066
Tfrc,0.338829434,0.57646275,-0.524908601,0.701593182,-0.427356356,0.673384809,0.436381678,0.516292747,22042
Tgfbi,1.868789857,0.024678063,-0.015192143,0.997159878,-0.222922302,0.845649522,1.661059698,0.038625725,21810
Tgm2,-1.509408823,0.191603121,-0.151195402,0.936940834,0.210606582,0.922086131,-1.147606839,0.319840585,21817
Thbs1,-1.502620221,0.074127511,0.386793542,0.762532297,0.568926415,0.581644312,-1.320487348,0.083965265,21825
Tjp2,1.476496225,0.034741194,0.423755674,0.733939076,-0.121814431,0.915421223,0.93092612,0.128474329,21873
Tkt,-0.222305545,0.522581051,-0.071051889,0.897016004,-0.174062797,0.732182365,-0.325316454,0.362942746,21881
Tln1,-1.280906873,0.259598475,0.748760225,0.73959492,1.039318042,0.539258372,-0.990349056,0.379821796,21894
Tnc,0.969040786,0.147407114,-0.94575758,0.587536572,-0.531288037,0.550487816,1.383510329,0.05003375,21923
Tnxb,-0.121423145,0.96785525,-0.700084329,0.87247331,-0.585266166,0.894709857,-0.006604982,0.997502492,81877
Tpi1,-0.086861761,0.817793356,-0.057102578,0.933866356,-0.381472383,0.533376495,-0.411231566,0.299317589,21991
Tpm2,-0.430292972,0.570215913,0.24096849,0.859164444,0.5437501,0.645987761,-0.127511362,0.903957463,22004
Tpm3,-1.66657518,0.066938154,0.338748777,0.799688365,1.007381528,0.428221871,-0.997942429,0.193668901,59069
Tpm3-rs7,-1.557200686,0.134990376,0.280484218,0.868174205,1.780743975,0.235861321,-0.056940929,0.977228437,621054
Tpm4,-1.195476914,0.279383396,0.851860316,0.733939076,1.054761154,0.537400825,-0.992576076,0.36794642,326618
Treml1,-1.293394849,0.191550402,0.486394096,0.766611821,0.913422309,0.539258372,-0.866366637,0.36794642,71326
Ttr,-0.150528759,0.947097864,0.732644401,0.843524622,1.837140274,0.539258372,0.953967115,0.689612122,22139
Tuba4a,-0.665127727,0.526237945,0.866607627,0.701593182,0.831130173,0.583697807,-0.700605181,0.533243959,22145
Tuba8,1.718194308,0.238418374,0.518580606,0.843524622,-0.873887096,0.680889214,0.325726605,0.857851596,53857
Tubb1,-1.182617937,0.279383396,0.802574105,0.733939076,0.896738808,0.564338256,-1.088453234,0.326912404,545486
Tubb2a,-0.327201923,0.684898983,0.502666165,0.74013472,0.68356165,0.564338256,-0.146306438,0.895303433,22151
Tubb4b,-0.892789566,0.336531836,0.398828656,0.799688365,0.717715162,0.586778367,-0.57390306,0.55858723,227613
Tubb5,-0.660584541,0.490409811,0.814207777,0.700598262,0.947955173,0.518685,-0.526837145,0.612400992,22154
Uba1,-0.925639419,0.134990376,-0.194470102,0.846241099,0.090499989,0.926866816,-0.640669327,0.270827642,22201
Ube2n,-0.250282595,0.808507498,-0.251888488,0.873783619,-1.214841015,0.50479044,-1.213235122,0.263700031,93765
Ube2o,-0.615345388,0.426226129,-0.121644881,0.926665979,0.443217528,0.682863402,-0.05048298,0.971555295,217342
Umod,0.661981975,0.256462033,-0.792102023,0.636038213,-0.349478071,0.680889214,1.104605927,0.076535624,22242
Usp14,-1.277013769,0.226705253,-0.389187587,0.842829494,0.029129138,0.980995296,-0.858697044,0.407920374,59025
Usp5,-0.553526129,0.930712844,-3.843471692,0.735333528,-3.242980569,0.682863402,0.046964994,0.997502492,22225
Vasn,0.580153415,0.570215913,0.796308717,0.733939076,0.615482339,0.682863402,0.399327038,0.750543913,246154
Vcam1,1.337621995,0.012827409,-0.165593683,0.842829494,-0.710540826,0.296852654,0.792674852,0.089744375,22329
Vcl,-0.723493068,0.302573423,0.280739617,0.822688877,0.33971495,0.745084883,-0.664517734,0.35617214,22330
Vcp,-2.517778577,0.012085753,-0.351659897,0.789988466,0.753763946,0.518685,-1.412354734,0.082497068,269523
Vdac1,-0.889975953,0.388650778,0.633823522,0.74013472,0.437374316,0.799746202,-1.086425158,0.295682318,22333
Vdac3,0.894394776,0.531955923,-0.06504867,0.991655226,-1.030208651,0.645987761,-0.070765205,0.984062104,22335
Vnn1,-1.73903081,0.03357123,-0.752405923,0.636038213,0.443365744,0.676295401,-0.543259143,0.435939751,22361
Vtn,0.62613591,0.192945295,-0.177911061,0.842829494,0.152536427,0.845649522,0.956583398,0.063918744,22370
Vwf,-1.023314576,0.352789368,0.088984057,0.970059986,1.414023459,0.439705232,0.301724826,0.826080681,22371
Xdh,-0.447858685,0.54094838,-0.409756229,0.753365273,-0.2693109,0.834947196,-0.307413355,0.731498748,22436
Yes1,-0.410411382,0.698589964,0.701544539,0.74013472,0.667954045,0.680889214,-0.444001876,0.736069858,22612
Ywhab,1.163764356,0.469875778,0.823243327,0.766611821,-0.585601587,0.834297072,-0.245080558,0.910654123,54401
Ywhae,-0.591676012,0.306416149,0.410561332,0.733939076,0.478327217,0.564338256,-0.523910127,0.36794642,22627
Ywhah,-0.597497888,0.496031115,0.824322023,0.680746359,0.876917975,0.518685,-0.544901937,0.55729487,22629
Ywhaz,-0.753457184,0.372138969,0.651252543,0.733939076,0.559857521,0.676295401,-0.844852206,0.322149139,22631
